evol_num,sample_num,time_interval,loss_type,data_type,gate_fidelity,similarity,spectrum_diff,train_loss,test_loss,train_fide,test_fide
10,10,0.02,multi_mags,product,0.9979117259402849,0.9282469270865706,1.9751330540681329,0.020691114773677872,0.031081402419721415,0.999484731392965,0.9989083448769932
