evol_num,sample_num,time_interval,loss_type,data_type,gate_fidelity,similarity,spectrum_diff,train_loss,test_loss,train_fide,test_fide,model_name,length,H_diff
10.0,10.0,0.02,multi_mags,product,0.9987808443520744,0.9633364156651356,0.7110905027299604,0.0147719382630352,0.0179715740225939,0.9996910002772518,0.9995296247495884,PXP,10.0,0.0092742142565559
10.0,10.0,0.02,multi_mags,product,0.9968718951720908,0.9458573975064184,3.221373058092746,0.0150860575049713,0.039155316006121,0.9996850341899012,0.9982556549931312,PXP,10.0,0.0139728718327388
10.0,10.0,0.02,multi_mags,product,0.9976588640866424,0.9327322799824568,1.927573239906393,0.0198516920734463,0.0361721564113049,0.9994994399303653,0.9985553213154219,PXP,10.0,0.014412519374959912
10.0,10.0,0.02,multi_mags,product,0.9979117259402848,0.9282469270865706,1.9751330540681329,0.0206911147736778,0.0310814024197214,0.999484731392965,0.9989083448769932,,,
,,,,,,,,,,,,,,
